timestamp,symbol,ema_cross_diff_pct,atr_pct,rsi_normalized,price_to_fast_pct,price_to_slow_pct,trend_direction,trend_strength,decision_buy_possible,decision_sell_possible,decision_hold_possible,strategy_signal,executed_action,was_executed,regime,volatility_level,decision_outcome,reject_reason,reason
2026-01-19T11:53:56.442875,BTC/USDT,0.15,0.45,-0.12,0.08,0.23,1.0,0.65,True,False,True,BUY,BUY,True,trending,normal,executed,,EMA cross bullish + RSI oversold recovery
2026-01-19T11:54:28.649554,BTC/USDT,-0.08,0.42,0.18,-0.05,0.15,-1.0,0.45,False,True,True,SELL,SELL,True,trending,normal,executed,,Price rejection at resistance + RSI overbought
2026-01-19T11:55:08.130778,BTC/USDT,0.22,0.48,-0.15,0.12,0.28,1.0,0.72,True,False,True,BUY,BUY,True,trending,high,executed,,Strong uptrend + volume confirmation
2026-01-19T11:55:20.010372,BTC/USDT,0.21,0.47,-0.14,0.11,0.27,1.0,0.70,True,False,True,BUY,HOLD,False,trending,high,rejected,risk_limit,Max daily trades reached
2026-01-19T11:55:58.316520,BTC/USDT,-0.12,0.44,0.22,-0.08,0.18,-1.0,0.55,False,True,True,SELL,SELL,True,ranging,normal,executed,,Range top rejection + bearish divergence
2026-01-19T11:56:10.649868,BTC/USDT,-0.10,0.43,0.20,-0.06,0.16,-1.0,0.50,False,True,True,SELL,HOLD,False,ranging,normal,rejected,volatility_filter,ATR too low for entry
2026-01-19T11:56:40.120384,BTC/USDT,0.05,0.41,0.05,0.02,0.10,0.0,0.25,True,True,True,NONE,HOLD,False,ranging,normal,no_signal,,No clear signal - waiting for confirmation
2026-01-19T11:57:17.638618,BTC/USDT,0.18,0.46,-0.10,0.09,0.25,1.0,0.60,True,False,True,BUY,BUY,True,trending,normal,executed,,EMA alignment + momentum shift
2026-01-19T11:57:45.867562,BTC/USDT,-0.15,0.49,0.25,-0.10,0.20,-1.0,0.65,False,True,True,SELL,SELL,True,trending,high,executed,,Strong downtrend + volume spike
2026-01-19T11:57:57.607400,BTC/USDT,-0.14,0.48,0.24,-0.09,0.19,-1.0,0.63,False,True,True,SELL,HOLD,False,trending,high,rejected,position_limit,Max positions already open
2026-01-19T11:58:09.441574,BTC/USDT,0.03,0.40,0.02,0.01,0.08,0.0,0.20,True,True,True,NONE,HOLD,False,ranging,low,no_signal,,Market choppy - no edge
2026-01-19T11:58:31.091053,BTC/USDT,0.12,0.43,-0.08,0.06,0.18,1.0,0.48,True,False,True,BUY,BUY,True,ranging,normal,executed,,Support bounce + RSI recovery
2026-01-19T11:58:35.032669,BTC/USDT,-0.09,0.42,0.16,-0.05,0.14,-1.0,0.42,False,True,True,SELL,HOLD,False,ranging,normal,rejected,risk_filter,Stop loss too wide for current volatility
2026-01-19T11:58:58.663562,BTC/USDT,-0.11,0.45,0.19,-0.07,0.17,-1.0,0.52,False,True,True,SELL,SELL,True,ranging,normal,executed,,Resistance test + bearish pattern
2026-01-19T11:59:08.816560,BTC/USDT,-0.13,0.47,0.21,-0.08,0.18,-1.0,0.58,False,True,True,SELL,SELL,True,trending,high,executed,,Breakdown confirmation + volume
2026-01-19T12:00:04.316133,BTC/USDT,0.08,0.41,-0.05,0.04,0.12,1.0,0.35,True,False,True,BUY,HOLD,False,ranging,normal,rejected,ml_filter,ML probability below threshold (0.52 < 0.55)
2026-01-19T12:00:16.111638,BTC/USDT,0.09,0.42,-0.06,0.05,0.13,1.0,0.38,True,False,True,BUY,BUY,True,ranging,normal,executed,,ML approved + technical confirmation
2026-01-19T12:00:26.137641,BTC/USDT,0.14,0.44,-0.11,0.07,0.20,1.0,0.55,True,False,True,BUY,BUY,True,trending,normal,executed,,Trend continuation + momentum
2026-01-19T12:00:38.091158,BTC/USDT,0.13,0.43,-0.10,0.06,0.19,1.0,0.52,True,False,True,BUY,HOLD,False,trending,normal,rejected,daily_loss_limit,Daily loss limit reached
2026-01-20T09:22:32.725714,BTC/USDT,0.0,0.0,0.0,0.0,0.0,0.0,0.0,True,True,True,BUY,BUY,True,ranging,medium,executed,,LEARNING BUY | RSI: 50.0 (0.000 norm) | EMA diff: 0.0000% | ATR: 0.0000% | Outcome: EXECUTED
2026-01-20T09:22:35.010268,BTC/USDT,0.0,0.0,0.0,0.0,0.0,0.0,0.0,True,True,True,BUY,HOLD,False,ranging,medium,rejected_by_execution,Execution error: Risk validation failed,HOLD: Signal BUY rejected by Execution Error - Execution error: Risk validation failed
2026-01-20T09:22:37.397607,BTC/USDT,0.0,0.0,0.0,0.0,0.0,0.0,0.0,True,True,True,BUY,HOLD,False,ranging,medium,rejected_by_execution,Execution error: Risk validation failed,HOLD: Signal BUY rejected by Execution Error - Execution error: Risk validation failed
2026-01-20T09:22:39.698477,BTC/USDT,0.0,0.0,0.0,0.0,0.0,0.0,0.0,True,True,True,BUY,HOLD,False,ranging,medium,rejected_by_execution,Execution error: Risk validation failed,HOLD: Signal BUY rejected by Execution Error - Execution error: Risk validation failed
2026-01-20T09:22:41.917232,BTC/USDT,0.0,0.0,0.0,0.0,0.0,0.0,0.0,True,True,True,BUY,HOLD,False,ranging,medium,rejected_by_execution,Execution error: Risk validation failed,HOLD: Signal BUY rejected by Execution Error - Execution error: Risk validation failed
2026-01-20T09:22:43.500016,BTC/USDT,0.0,0.0,0.0,0.0,0.0,0.0,0.0,True,True,True,NONE,HOLD,False,ranging,medium,no_signal,,HOLD: No signal from strategy (market conditions not met)
2026-01-20T09:22:44.257494,BTC/USDT,0.0,0.0,0.0,0.0,0.0,0.0,0.0,True,True,True,BUY,HOLD,False,ranging,medium,rejected_by_execution,Execution error: Risk validation failed,HOLD: Signal BUY rejected by Execution Error - Execution error: Risk validation failed
2026-01-20T09:22:46.485193,BTC/USDT,0.0,0.0,0.0,0.0,0.0,0.0,0.0,True,True,True,BUY,HOLD,False,ranging,medium,rejected_by_execution,Execution error: Risk validation failed,HOLD: Signal BUY rejected by Execution Error - Execution error: Risk validation failed
2026-01-20T09:22:48.777400,BTC/USDT,0.0,0.0,0.0,0.0,0.0,0.0,0.0,True,True,True,BUY,HOLD,False,ranging,medium,rejected_by_execution,Execution error: Risk validation failed,HOLD: Signal BUY rejected by Execution Error - Execution error: Risk validation failed
2026-01-20T09:22:51.044237,BTC/USDT,0.0,0.0,0.0,0.0,0.0,0.0,0.0,True,True,True,BUY,HOLD,False,ranging,medium,rejected_by_execution,Execution error: Risk validation failed,HOLD: Signal BUY rejected by Execution Error - Execution error: Risk validation failed
2026-01-20T09:22:53.384900,BTC/USDT,0.0,0.0,0.0,0.0,0.0,0.0,0.0,True,True,True,BUY,HOLD,False,ranging,medium,rejected_by_execution,Execution error: Risk validation failed,HOLD: Signal BUY rejected by Execution Error - Execution error: Risk validation failed
2026-01-20T09:22:54.874839,BTC/USDT,-0.013374649178483073,0.996043520991729,0.0,-0.000773178120099604,-0.014147723888721587,-1.0,0.00013374649178483073,False,True,True,SELL,HOLD,False,ranging,medium,rejected_by_execution,Execution error: Risk validation failed,HOLD: Signal SELL rejected by Execution Error - Execution error: Risk validation failed
2026-01-20T09:22:58.338978,BTC/USDT,-0.01224446149342393,0.9940711459722857,0.0,-0.0006273188770807322,-0.012871703558686316,-1.0,0.0001224446149342393,False,True,True,SELL,HOLD,False,ranging,medium,rejected_by_execution,Execution error: Risk validation failed,HOLD: Signal SELL rejected by Execution Error - Execution error: Risk validation failed
2026-01-20T09:23:01.971012,BTC/USDT,-0.01242524372919163,-0.008840864508617017,0.0,-0.009488100959867069,-0.021912165769389164,-1.0,0.0001242524372919163,True,True,True,NONE,HOLD,False,ranging,medium,no_signal,,HOLD: No signal from strategy (market conditions not met)
2026-01-20T09:23:07.237516,BTC/USDT,-0.012329662026421618,-0.7555555555856344,0.0,-0.007581848857158784,-0.01991057606724096,-1.0,0.0001232966202642162,True,False,True,BUY,HOLD,False,ranging,medium,rejected_by_execution,Execution error: Risk validation failed,HOLD: Signal BUY rejected by Execution Error - Execution error: Risk validation failed
2026-01-20T09:23:11.067526,BTC/USDT,-0.01339187783542104,-0.9963031423298488,0.0,-0.016009084684147017,-0.029398818602504588,-1.0,0.0001339187783542104,True,False,True,BUY,HOLD,False,ranging,medium,rejected_by_execution,Execution error: Risk validation failed,HOLD: Signal BUY rejected by Execution Error - Execution error: Risk validation failed
2026-01-20T09:23:14.774936,BTC/USDT,-0.013921018171768773,-0.9963031423298488,0.0,-0.012807677825721838,-0.026726913038333112,-1.0,0.00013921018171768774,True,False,True,BUY,HOLD,False,ranging,medium,rejected_by_execution,Execution error: Risk validation failed,HOLD: Signal BUY rejected by Execution Error - Execution error: Risk validation failed
2026-01-20T09:23:18.550366,BTC/USDT,-0.014052819222013593,-0.997226074896264,0.0,-0.010246404725891441,-0.024297784039172148,-1.0,0.00014052819222013592,True,False,True,BUY,HOLD,False,ranging,medium,rejected_by_execution,Execution error: Risk validation failed,HOLD: Signal BUY rejected by Execution Error - Execution error: Risk validation failed
2026-01-20T09:23:22.079754,BTC/USDT,-0.018648350809777493,-0.9990221642764615,0.0,-0.043071361736483,-0.06171168044762533,-1.0,0.00018648350809777494,True,False,True,BUY,HOLD,False,ranging,medium,rejected_by_execution,Execution error: Risk validation failed,HOLD: Signal BUY rejected by Execution Error - Execution error: Risk validation failed
2026-01-20T09:23:25.726457,BTC/USDT,-0.018232336758813087,-0.3639497386955881,0.0,-0.009379741726741967,-0.027610368339456324,-1.0,0.00018232336758813088,True,False,True,BUY,HOLD,False,ranging,medium,rejected_by_execution,Execution error: Risk validation failed,HOLD: Signal BUY rejected by Execution Error - Execution error: Risk validation failed
2026-01-20T09:23:29.438384,BTC/USDT,-0.017598351314032673,-0.3638790035687018,0.0,-0.007503934151325314,-0.025100964896663663,-1.0,0.00017598351314032672,True,False,True,BUY,HOLD,False,ranging,medium,rejected_by_execution,Execution error: Risk validation failed,HOLD: Signal BUY rejected by Execution Error - Execution error: Risk validation failed
2026-01-20T09:23:33.201739,BTC/USDT,-0.016817351887021856,-0.3640306973739331,0.0,-0.006003237416853599,-0.022819579718314453,-1.0,0.00016817351887021858,True,False,True,BUY,HOLD,False,ranging,medium,rejected_by_execution,Execution error: Risk validation failed,HOLD: Signal BUY rejected by Execution Error - Execution error: Risk validation failed
2026-01-20T09:23:36.760852,BTC/USDT,-0.015944817952506848,-0.3641014234974074,0.0,-0.0048114258971266935,-0.020755476676533324,-1.0,0.00015944817952506847,True,False,True,BUY,HOLD,False,ranging,medium,rejected_by_execution,Execution error: Risk validation failed,HOLD: Signal BUY rejected by Execution Error - Execution error: Risk validation failed
2026-01-20T09:23:40.325260,BTC/USDT,-0.015020371594859467,-0.3640306973739331,0.0,-0.0038491777577780283,-0.01886897119183493,-1.0,0.00015020371594859467,True,False,True,BUY,HOLD,False,ranging,medium,rejected_by_execution,Execution error: Risk validation failed,HOLD: Signal BUY rejected by Execution Error - Execution error: Risk validation failed
2026-01-20T09:23:44.461869,BTC/USDT,-0.01407497193338459,-0.36418242492639535,0.0,-0.0030793659122823644,-0.017153904425779076,-1.0,0.0001407497193338459,True,False,True,BUY,HOLD,False,ranging,medium,rejected_by_execution,Execution error: Risk validation failed,HOLD: Signal BUY rejected by Execution Error - Execution error: Risk validation failed
2026-01-20T09:23:48.110970,BTC/USDT,-0.01313151735386387,-0.36418242492639535,0.0,-0.0024635079019199877,-0.015594701759816202,-1.0,0.00013131517353863869,True,False,True,BUY,HOLD,False,ranging,medium,rejected_by_execution,Execution error: Risk validation failed,HOLD: Signal BUY rejected by Execution Error - Execution error: Risk validation failed
2026-01-20T09:23:52.039594,BTC/USDT,-0.015626657231809726,-0.5174742529180747,0.0,-0.027052528833730806,-0.04267495865958715,-1.0,0.00015626657231809728,True,False,True,BUY,HOLD,False,ranging,medium,rejected_by_execution,Execution error: Risk validation failed,HOLD: Signal BUY rejected by Execution Error - Execution error: Risk validation failed
2026-01-20T09:23:56.489193,BTC/USDT,-0.015213275009698529,-0.2797686003615537,0.0,-0.0073850712433661415,-0.022597222741866756,-1.0,0.00015213275009698528,True,False,True,BUY,HOLD,False,ranging,medium,rejected_by_execution,Execution error: Risk validation failed,HOLD: Signal BUY rejected by Execution Error - Execution error: Risk validation failed
2026-01-20T09:24:00.369229,BTC/USDT,-0.013835186739801048,-0.2145798383490859,0.0,-3.4800789498408224e-05,-0.013869982714545242,-1.0,0.00013835186739801048,True,False,True,BUY,HOLD,False,ranging,medium,rejected_by_execution,Execution error: Risk validation failed,HOLD: Signal BUY rejected by Execution Error - Execution error: Risk validation failed
2026-01-20T09:24:04.103438,BTC/USDT,-0.012582594187909444,-0.14037723252553405,0.0,-3.6619792991521335e-05,-0.012619209373181022,-1.0,0.00012582594187909445,True,True,True,BUY,HOLD,False,ranging,medium,rejected_by_execution,Execution error: Risk validation failed,HOLD: Signal BUY rejected by Execution Error - Execution error: Risk validation failed
2026-01-20T09:24:07.415863,BTC/USDT,-0.011441650510051082,-0.1402820662705416,0.0,-2.051667660155272e-05,-0.011462164839206203,-1.0,0.00011441650510051083,True,True,True,BUY,HOLD,False,ranging,medium,rejected_by_execution,Execution error: Risk validation failed,HOLD: Signal BUY rejected by Execution Error - Execution error: Risk validation failed
2026-01-20T09:24:10.857974,BTC/USDT,-0.00948684658653808,-0.07177033493848839,0.0,0.006708310161522149,-0.0027791728321095027,-1.0,9.48684658653808e-05,True,True,True,BUY,HOLD,False,ranging,medium,rejected_by_execution,Execution error: Risk validation failed,HOLD: Signal BUY rejected by Execution Error - Execution error: Risk validation failed
2026-01-20T09:24:14.504050,BTC/USDT,-0.00789148259484845,0.34852455278685285,0.0,0.005375354904210288,-0.00251655188583484,-1.0,7.89148259484845e-05,False,True,True,SELL,HOLD,False,ranging,medium,rejected_by_execution,Execution error: Risk validation failed,HOLD: Signal SELL rejected by Execution Error - Execution error: Risk validation failed
2026-01-20T09:24:17.953994,BTC/USDT,-0.005439730093281867,0.16877453115802382,0.0,0.01271883890210864,0.007278416938319499,-1.0,5.439730093281867e-05,True,True,True,BUY,HOLD,False,ranging,medium,rejected_by_execution,Execution error: Risk validation failed,HOLD: Signal BUY rejected by Execution Error - Execution error: Risk validation failed
2026-01-20T09:24:21.289240,BTC/USDT,-0.003557751413357119,0.16877453115802382,0.0,0.01017481229808676,0.006616698890201299,-1.0,3.557751413357119e-05,True,True,True,BUY,HOLD,False,ranging,medium,rejected_by_execution,Execution error: Risk validation failed,HOLD: Signal BUY rejected by Execution Error - Execution error: Risk validation failed
2026-01-20T09:24:24.572364,BTC/USDT,-0.0021243666551122586,0.16877453115802382,0.0,0.008139684198942046,0.006015144627092834,-1.0,2.1243666551122585e-05,True,True,True,BUY,HOLD,False,ranging,medium,rejected_by_execution,Execution error: Risk validation failed,HOLD: Signal BUY rejected by Execution Error - Execution error: Risk validation failed
2026-01-20T09:24:27.990378,BTC/USDT,-0.0005800499182602224,0.21321403989383655,0.0,0.009908670326623733,0.00932856293312938,-1.0,5.800499182602225e-06,False,True,True,SELL,HOLD,False,ranging,medium,rejected_by_execution,Execution error: Risk validation failed,HOLD: Signal SELL rejected by Execution Error - Execution error: Risk validation failed
2026-01-20T09:24:31.435496,BTC/USDT,0.0005536167813505874,0.21321403989383655,0.0,0.007926779173606239,0.008480439838936552,1.0,5.536167813505874e-06,False,True,True,SELL,HOLD,False,ranging,medium,rejected_by_execution,Execution error: Risk validation failed,HOLD: Signal SELL rejected by Execution Error - Execution error: Risk validation failed
2026-01-20T09:24:34.901558,BTC/USDT,0.0013680217698751702,0.21321403989383655,0.0,0.0063413228063443,0.007709431326895961,1.0,1.3680217698751701e-05,False,True,True,SELL,HOLD,False,ranging,medium,rejected_by_execution,Execution error: Risk validation failed,HOLD: Signal SELL rejected by Execution Error - Execution error: Risk validation failed
2026-01-20T09:24:38.246312,BTC/USDT,0.00032432261747519575,0.023574497718795585,0.0,-0.00674181593460666,-0.00641751518236537,1.0,3.2432261747519573e-06,True,True,True,BUY,HOLD,False,ranging,medium,rejected_by_execution,Execution error: Risk validation failed,HOLD: Signal BUY rejected by Execution Error - Execution error: Risk validation failed
2026-01-20T09:24:42.303305,BTC/USDT,-0.001122926435446842,0.39373814038670846,0.0,-0.010397086302494215,-0.011519895986310452,-1.0,1.122926435446842e-05,False,True,True,SELL,HOLD,False,ranging,medium,rejected_by_execution,Execution error: Risk validation failed,HOLD: Signal SELL rejected by Execution Error - Execution error: Risk validation failed
2026-01-20T09:24:45.825981,BTC/USDT,-0.0023956828691197004,0.13568659453995024,0.0,-0.010082312933496458,-0.012477754262372402,-1.0,2.3956828691197002e-05,True,True,True,BUY,HOLD,False,ranging,medium,rejected_by_execution,Execution error: Risk validation failed,HOLD: Signal BUY rejected by Execution Error - Execution error: Risk validation failed
2026-01-20T09:24:49.253741,BTC/USDT,-0.005054250064413242,-0.26032190344715345,0.0,-0.021093929883765947,-0.02614711380821445,-1.0,5.054250064413242e-05,True,False,True,BUY,HOLD,False,ranging,medium,rejected_by_execution,Execution error: Risk validation failed,HOLD: Signal BUY rejected by Execution Error - Execution error: Risk validation failed
2026-01-20T09:24:52.548722,BTC/USDT,-0.006894779247028429,-0.25997200841566637,0.0,-0.01686707637998786,-0.02376069267933446,-1.0,6.894779247028429e-05,True,False,True,BUY,HOLD,False,ranging,medium,rejected_by_execution,Execution error: Risk validation failed,HOLD: Signal BUY rejected by Execution Error - Execution error: Risk validation failed
2026-01-20T09:24:56.307624,BTC/USDT,-0.00830081974118291,-0.2804628999493428,0.0,-0.01490765385427562,-0.023207236137984446,-1.0,8.30081974118291e-05,True,False,True,BUY,HOLD,False,ranging,medium,rejected_by_execution,Execution error: Risk validation failed,HOLD: Signal BUY rejected by Execution Error - Execution error: Risk validation failed
2026-01-20T09:25:00.001680,BTC/USDT,-0.006537538171283689,-0.029134181388993312,0.0,0.007397287734923804,0.0008592659631308041,-1.0,6.537538171283689e-05,True,True,True,BUY,HOLD,False,ranging,medium,rejected_by_execution,Execution error: Risk validation failed,HOLD: Signal BUY rejected by Execution Error - Execution error: Risk validation failed
2026-01-20T09:25:03.678852,BTC/USDT,-0.005135091273478799,-0.02913418138919809,0.0,0.005926521655204814,0.0007911260494296767,-1.0,5.135091273478799e-05,True,True,True,BUY,HOLD,False,ranging,medium,rejected_by_execution,Execution error: Risk validation failed,HOLD: Signal BUY rejected by Execution Error - Execution error: Risk validation failed
2026-01-20T09:25:07.088057,BTC/USDT,-0.0041319019213163725,-0.19615145873878362,0.0,0.003933497059385261,-0.00019856739017168253,-1.0,4.131901921316372e-05,True,True,True,BUY,HOLD,False,ranging,medium,rejected_by_execution,Execution error: Risk validation failed,HOLD: Signal BUY rejected by Execution Error - Execution error: Risk validation failed
2026-01-20T09:25:11.477063,BTC/USDT,-0.0033271840347755387,-0.19615145873878362,0.0,0.0031467728918707634,-0.00018051584183004406,-1.0,3.3271840347755385e-05,True,True,True,BUY,HOLD,False,ranging,medium,rejected_by_execution,Execution error: Risk validation failed,HOLD: Signal BUY rejected by Execution Error - Execution error: Risk validation failed
2026-01-20T09:25:15.287633,BTC/USDT,-0.0026802431827264257,-0.19596586502922775,0.0,0.0025261813516504255,-0.00015412953887946135,-1.0,2.6802431827264256e-05,True,True,True,BUY,HOLD,False,ranging,medium,rejected_by_execution,Execution error: Risk validation failed,HOLD: Signal BUY rejected by Execution Error - Execution error: Risk validation failed
2026-01-20T09:25:18.835713,BTC/USDT,-0.0021622060978989254,-0.2724872091272189,0.0,0.0020121560225447722,-0.00015009358231437225,-1.0,2.1622060978989254e-05,True,False,True,BUY,HOLD,False,ranging,medium,rejected_by_execution,Execution error: Risk validation failed,HOLD: Signal BUY rejected by Execution Error - Execution error: Risk validation failed
2026-01-20T09:25:22.806190,BTC/USDT,-0.0017461389619316799,-0.2724872091272189,0.0,0.0016097183400333001,-0.00013644872981749217,-1.0,1.7461389619316798e-05,True,False,True,BUY,HOLD,False,ranging,medium,rejected_by_execution,Execution error: Risk validation failed,HOLD: Signal BUY rejected by Execution Error - Execution error: Risk validation failed
2026-01-20T09:25:26.806143,BTC/USDT,-0.001846349249790609,-0.31360946747064106,0.0,-0.0018989595486411765,-0.0037452737370064055,-1.0,1.846349249790609e-05,True,False,True,BUY,HOLD,False,ranging,medium,rejected_by_execution,Execution error: Risk validation failed,HOLD: Signal BUY rejected by Execution Error - Execution error: Risk validation failed
2026-01-20T09:25:30.505838,BTC/USDT,-0.002028118987467196,-0.15149181907985082,0.0,-0.0025638730525229555,-0.004591940041593958,-1.0,2.028118987467196e-05,True,True,True,BUY,HOLD,False,ranging,medium,rejected_by_execution,Execution error: Risk validation failed,HOLD: Signal BUY rejected by Execution Error - Execution error: Risk validation failed
2026-01-20T09:25:34.380190,BTC/USDT,-0.004330995288400507,-0.3185963827633088,0.0,-0.0182403236813815,-0.022570528982222775,-1.0,4.3309952884005074e-05,True,False,True,BUY,HOLD,False,ranging,medium,rejected_by_execution,Execution error: Risk validation failed,HOLD: Signal BUY rejected by Execution Error - Execution error: Risk validation failed
2026-01-20T09:25:38.241001,BTC/USDT,-0.005925960156708352,-0.2965385229061937,0.0,-0.014584011303594744,-0.020509107217603992,-1.0,5.9259601567083524e-05,True,False,True,BUY,HOLD,False,ranging,medium,rejected_by_execution,Execution error: Risk validation failed,HOLD: Signal BUY rejected by Execution Error - Execution error: Risk validation failed
2026-01-20T09:25:42.001884,BTC/USDT,-0.00697945263295357,-0.07856247390904755,0.0,-0.011676329550290009,-0.01865496723935335,-1.0,6.97945263295357e-05,True,True,True,BUY,HOLD,False,ranging,medium,rejected_by_execution,Execution error: Risk validation failed,HOLD: Signal BUY rejected by Execution Error - Execution error: Risk validation failed
2026-01-20T09:25:46.114250,BTC/USDT,-0.007618778648886534,-0.07878787881465116,0.0,-0.009341281784013847,-0.016959348741318287,-1.0,7.618778648886533e-05,True,True,True,BUY,HOLD,False,ranging,medium,rejected_by_execution,Execution error: Risk validation failed,HOLD: Signal BUY rejected by Execution Error - Execution error: Risk validation failed
2026-01-20T09:25:49.696751,BTC/USDT,-0.007945256187567234,-0.04671280279681355,0.0,-0.007473165045101669,-0.01541782747056075,-1.0,7.945256187567234e-05,True,True,True,BUY,HOLD,False,ranging,medium,rejected_by_execution,Execution error: Risk validation failed,HOLD: Signal BUY rejected by Execution Error - Execution error: Risk validation failed
2026-01-20T09:25:53.284906,BTC/USDT,-0.00803826243096759,-0.9975237309135295,0.0,-0.005978621394536571,-0.014016403248226714,-1.0,8.03826243096759e-05,True,False,True,BUY,HOLD,False,ranging,medium,rejected_by_execution,Execution error: Risk validation failed,HOLD: Signal BUY rejected by Execution Error - Execution error: Risk validation failed
2026-01-20T09:25:58.286691,BTC/USDT,-0.011812905518459047,-0.9992907801422328,0.0,-0.033041057260879615,-0.044850059670462135,-1.0,0.00011812905518459047,True,False,True,BUY,HOLD,False,ranging,medium,rejected_by_execution,Execution error: Risk validation failed,HOLD: Signal BUY rejected by Execution Error - Execution error: Risk validation failed
2026-01-20T09:26:01.978488,BTC/USDT,-0.013188084927197993,-0.7030554276127173,0.0,-0.017959835105129256,-0.031145551474020802,-1.0,0.00013188084927197993,True,False,True,BUY,HOLD,False,ranging,medium,rejected_by_execution,Execution error: Risk validation failed,HOLD: Signal BUY rejected by Execution Error - Execution error: Risk validation failed
2026-01-20T09:26:05.612989,BTC/USDT,-0.013947361908132878,-0.7027939821987346,0.0,-0.014359602009192025,-0.028304961131664114,-1.0,0.00013947361908132877,True,False,True,BUY,HOLD,False,ranging,medium,rejected_by_execution,Execution error: Risk validation failed,HOLD: Signal BUY rejected by Execution Error - Execution error: Risk validation failed
2026-01-20T09:26:09.322314,BTC/USDT,-0.012995858335806233,-0.46777821887971327,0.0,-0.002319425813736473,-0.01531498272024975,-1.0,0.00012995858335806233,True,False,True,BUY,HOLD,False,ranging,medium,rejected_by_execution,Execution error: Risk validation failed,HOLD: Signal BUY rejected by Execution Error - Execution error: Risk validation failed
2026-01-20T09:26:13.887502,BTC/USDT,-0.012068777585473528,-0.4677782188798156,0.0,-0.0018643312583103526,-0.01393288384179086,-1.0,0.00012068777585473528,True,False,True,BUY,HOLD,False,ranging,medium,rejected_by_execution,Execution error: Risk validation failed,HOLD: Signal BUY rejected by Execution Error - Execution error: Risk validation failed
2026-01-20T09:26:17.563930,BTC/USDT,-0.011175114579809919,-0.4677782188798156,0.0,-0.0014914705678514624,-0.012666418474116498,-1.0,0.00011175114579809919,True,False,True,BUY,HOLD,False,ranging,medium,rejected_by_execution,Execution error: Risk validation failed,HOLD: Signal BUY rejected by Execution Error - Execution error: Risk validation failed
2026-01-20T09:26:21.120927,BTC/USDT,-0.010320804099927281,-0.4407227241246659,0.0,-0.0011843979695697747,-0.011505079830102852,-1.0,0.00010320804099927282,True,False,True,BUY,HOLD,False,ranging,medium,rejected_by_execution,Execution error: Risk validation failed,HOLD: Signal BUY rejected by Execution Error - Execution error: Risk validation failed
2026-01-20T09:26:25.030155,BTC/USDT,-0.009513039915408552,-0.431397484821066,0.0,-0.0009563026796414061,-0.010469251621594332,-1.0,9.513039915408552e-05,True,False,True,BUY,HOLD,False,ranging,medium,rejected_by_execution,Execution error: Risk validation failed,HOLD: Signal BUY rejected by Execution Error - Execution error: Risk validation failed
2026-01-20T09:26:28.762068,BTC/USDT,-0.008752615412244192,-0.23103382383108126,0.0,-0.0007650436069492122,-0.009517592057868752,-1.0,8.752615412244192e-05,True,False,True,BUY,HOLD,False,ranging,medium,rejected_by_execution,Execution error: Risk validation failed,HOLD: Signal BUY rejected by Execution Error - Execution error: Risk validation failed
2026-01-20T09:26:32.148207,BTC/USDT,-0.008040444668522297,-0.23126911317036886,0.0,-0.0006120358220371401,-0.008652431280157816,-1.0,8.040444668522297e-05,True,False,True,BUY,HOLD,False,ranging,medium,rejected_by_execution,Execution error: Risk validation failed,HOLD: Signal BUY rejected by Execution Error - Execution error: Risk validation failed
2026-01-20T09:26:35.581490,BTC/USDT,-0.007376315349969244,-0.23112215639606062,0.0,-0.0004896292569837811,-0.007865908490354984,-1.0,7.376315349969244e-05,True,False,True,BUY,HOLD,False,ranging,medium,rejected_by_execution,Execution error: Risk validation failed,HOLD: Signal BUY rejected by Execution Error - Execution error: Risk validation failed
2026-01-20T09:26:39.068702,BTC/USDT,-0.006759199721865265,-0.23112215639606062,0.0,-0.0003917037891726853,-0.007150877034996521,-1.0,6.759199721865265e-05,True,False,True,BUY,HOLD,False,ranging,medium,rejected_by_execution,Execution error: Risk validation failed,HOLD: Signal BUY rejected by Execution Error - Execution error: Risk validation failed
2026-01-20T09:26:42.466906,BTC/USDT,-0.006130013493555272,-0.2199280166903067,0.0,0.00010817717646533086,-0.006021842948365455,-1.0,6.130013493555272e-05,True,False,True,BUY,HOLD,False,ranging,medium,rejected_by_execution,Execution error: Risk validation failed,HOLD: Signal BUY rejected by Execution Error - Execution error: Risk validation failed
2026-01-20T09:26:46.561851,BTC/USDT,-0.003920354234273159,0.031433298218543654,0.0,0.012117632316442396,0.008196803028057626,-1.0,3.9203542342731594e-05,True,True,True,BUY,HOLD,False,ranging,medium,rejected_by_execution,Execution error: Risk validation failed,HOLD: Signal BUY rejected by Execution Error - Execution error: Risk validation failed
2026-01-20T09:26:49.874743,BTC/USDT,-0.0022432674737576275,0.998251748169456,0.0,0.009685089525221272,0.00744160478900052,-1.0,2.2432674737576275e-05,False,True,True,SELL,HOLD,False,ranging,medium,rejected_by_execution,Execution error: Risk validation failed,HOLD: Signal SELL rejected by Execution Error - Execution error: Risk validation failed
2026-01-20T09:26:53.236090,BTC/USDT,-0.00011344134589529536,0.9981208893572157,0.0,0.014123019795079171,0.01400956242784014,-1.0,1.1344134589529536e-06,False,True,True,SELL,HOLD,False,ranging,medium,rejected_by_execution,Execution error: Risk validation failed,HOLD: Signal SELL rejected by Execution Error - Execution error: Risk validation failed
2026-01-20T09:26:56.682461,BTC/USDT,-0.0009441684688177081,0.23103647941076105,0.0,-0.0061676793203471365,-0.0071117895558814445,-1.0,9.44168468817708e-06,False,True,True,SELL,HOLD,False,ranging,medium,rejected_by_execution,Execution error: Risk validation failed,HOLD: Signal SELL rejected by Execution Error - Execution error: Risk validation failed
2026-01-20T09:27:00.778439,BTC/USDT,-0.0015323737422222256,0.03673272108595569,0.0,-0.004942985970873588,-0.006475283968076714,-1.0,1.5323737422222256e-05,True,True,True,BUY,HOLD,False,ranging,medium,rejected_by_execution,Execution error: Risk validation failed,HOLD: Signal BUY rejected by Execution Error - Execution error: Risk validation failed
2026-01-20T09:27:04.062839,BTC/USDT,-0.002058041654835977,0.01131541722287821,0.0,-0.004876510040227794,-0.006934451334455841,-1.0,2.0580416548359773e-05,True,True,True,BUY,HOLD,False,ranging,medium,rejected_by_execution,Execution error: Risk validation failed,HOLD: Signal BUY rejected by Execution Error - Execution error: Risk validation failed
2026-01-20T09:27:07.593426,BTC/USDT,-0.0024017365678636726,0.011548432679447985,0.0,-0.0038924642618721386,-0.006294107342998243,-1.0,2.4017365678636725e-05,True,True,True,BUY,HOLD,False,ranging,medium,rejected_by_execution,Execution error: Risk validation failed,HOLD: Signal BUY rejected by Execution Error - Execution error: Risk validation failed
2026-01-20T09:27:11.103167,BTC/USDT,-0.002608034069206804,0.011315417222538855,0.0,-0.0031139956517344776,-0.0057219485068737705,-1.0,2.608034069206804e-05,True,True,True,BUY,HOLD,False,ranging,medium,rejected_by_execution,Execution error: Risk validation failed,HOLD: Signal BUY rejected by Execution Error - Execution error: Risk validation failed
2026-01-20T09:27:14.586118,BTC/USDT,-0.002996862001186097,-0.04241071431552001,0.0,-0.004590099861593582,-0.007586824303821111,-1.0,2.996862001186097e-05,True,True,True,BUY,HOLD,False,ranging,medium,rejected_by_execution,Execution error: Risk validation failed,HOLD: Signal BUY rejected by Execution Error - Execution error: Risk validation failed
2026-01-20T09:27:18.005846,BTC/USDT,-0.003225165405680882,-0.04241071431552001,0.0,-0.0036721136000175095,-0.006897160573960907,-1.0,3.225165405680882e-05,True,True,True,BUY,HOLD,False,ranging,medium,rejected_by_execution,Execution error: Risk validation failed,HOLD: Signal BUY rejected by Execution Error - Execution error: Risk validation failed
2026-01-20T09:27:21.289402,BTC/USDT,-0.0033325707374026875,-0.04241071431552001,0.0,-0.002937712455248117,-0.006270185291305172,-1.0,3.332570737402688e-05,True,True,True,BUY,HOLD,False,ranging,medium,rejected_by_execution,Execution error: Risk validation failed,HOLD: Signal BUY rejected by Execution Error - Execution error: Risk validation failed
2026-01-20T09:27:24.723634,BTC/USDT,-0.0033488983473046363,-0.042178085278756466,0.0,-0.0023414016216891367,-0.005690221557833561,-1.0,3.3488983473046364e-05,True,True,True,BUY,HOLD,False,ranging,medium,rejected_by_execution,Execution error: Risk validation failed,HOLD: Signal BUY rejected by Execution Error - Execution error: Risk validation failed
2026-01-20T09:27:31.739153,BTC/USDT,-0.0038505861916877456,-0.15607401450513209,0.0,-0.006230418473035371,-0.01008076475708971,-1.0,3.8505861916877455e-05,True,True,True,BUY,HOLD,False,ranging,medium,rejected_by_execution,Execution error: Risk validation failed,HOLD: Signal BUY rejected by Execution Error - Execution error: Risk validation failed
2026-01-20T09:27:35.816579,BTC/USDT,-0.004180227054012034,-0.5957801221706615,0.0,-0.00498439688818839,-0.009164415583093225,-1.0,4.1802270540120346e-05,True,False,True,BUY,HOLD,False,ranging,medium,rejected_by_execution,Execution error: Risk validation failed,HOLD: Signal BUY rejected by Execution Error - Execution error: Risk validation failed
2026-01-20T09:27:39.314199,BTC/USDT,-0.004343972261326325,-0.5956678700524713,0.0,-0.00398755726168992,-0.008331356304634892,-1.0,4.343972261326325e-05,True,False,True,BUY,HOLD,False,ranging,medium,rejected_by_execution,Execution error: Risk validation failed,HOLD: Signal BUY rejected by Execution Error - Execution error: Risk validation failed
2026-01-20T09:27:43.334221,BTC/USDT,-0.0043840862471782975,-0.9986086956529698,0.0,-0.0031900712505418863,-0.007574017642245214,-1.0,4.384086247178298e-05,True,False,True,BUY,HOLD,False,ranging,medium,rejected_by_execution,Execution error: Risk validation failed,HOLD: Signal BUY rejected by Execution Error - Execution error: Risk validation failed
2026-01-20T09:27:46.851766,BTC/USDT,-0.0043335553063599775,-0.995485327316841,0.0,-0.0025520732830279233,-0.006885517993880722,-1.0,4.333555306359978e-05,True,False,True,BUY,HOLD,False,ranging,medium,rejected_by_execution,Execution error: Risk validation failed,HOLD: Signal BUY rejected by Execution Error - Execution error: Risk validation failed
2026-01-20T09:27:50.244135,BTC/USDT,-0.004219215690578524,-0.9954853273168339,0.0,-0.0020504517376850923,-0.0062695809152821715,-1.0,4.2192156905785245e-05,True,False,True,BUY,HOLD,False,ranging,medium,rejected_by_execution,Execution error: Risk validation failed,HOLD: Signal BUY rejected by Execution Error - Execution error: Risk validation failed
2026-01-20T09:27:54.003938,BTC/USDT,-0.0040581523406062955,-0.9923273657342716,0.0,-0.0016315853998544426,-0.005689671528239645,-1.0,4.0581523406062954e-05,True,False,True,BUY,HOLD,False,ranging,medium,rejected_by_execution,Execution error: Risk validation failed,HOLD: Signal BUY rejected by Execution Error - Execution error: Risk validation failed
2026-01-20T09:27:58.087528,BTC/USDT,-0.003868430949465132,-0.9948849104895146,0.0,-0.0013140553180002726,-0.005182435434142789,-1.0,3.868430949465132e-05,True,False,True,BUY,HOLD,False,ranging,medium,rejected_by_execution,Execution error: Risk validation failed,HOLD: Signal BUY rejected by Execution Error - Execution error: Risk validation failed
2026-01-20T09:28:01.463249,BTC/USDT,-0.0036589209581916475,-0.9923371647563153,0.0,-0.0010424642611054815,-0.004701347076353798,-1.0,3.6589209581916476e-05,True,False,True,BUY,HOLD,False,ranging,medium,rejected_by_execution,Execution error: Risk validation failed,HOLD: Signal BUY rejected by Execution Error - Execution error: Risk validation failed
2026-01-20T09:28:04.929235,BTC/USDT,-0.00352386062695886,-0.9902280130366159,0.0,-0.0014487679671541362,-0.004972577541549026,-1.0,3.52386062695886e-05,True,False,True,BUY,HOLD,False,ranging,medium,rejected_by_execution,Execution error: Risk validation failed,HOLD: Signal BUY rejected by Execution Error - Execution error: Risk validation failed
2026-01-20T09:28:08.690601,BTC/USDT,-0.005356878960065849,-0.9973684210541688,0.0,-0.015791723992775127,-0.021147757009300973,-1.0,5.3568789600658484e-05,True,False,True,BUY,HOLD,False,ranging,medium,rejected_by_execution,Execution error: Risk validation failed,HOLD: Signal BUY rejected by Execution Error - Execution error: Risk validation failed
2026-01-20T09:28:40.643487,BTC/USDT,-0.007898727552148899,-0.9971098265899017,0.0,-0.002701348037567271,-0.010599862217594447,-1.0,7.898727552148899e-05,True,False,True,NONE,HOLD,False,ranging,medium,no_signal,,HOLD: No signal from strategy (market conditions not met)
2026-01-20T09:28:52.832602,BTC/USDT,-0.009191373579676539,-0.6510099781088067,0.0,-0.002516473170436508,-0.011707615451662918,-1.0,9.191373579676538e-05,True,False,True,BUY,HOLD,False,ranging,medium,rejected_by_execution,Execution error: Risk validation failed,HOLD: Signal BUY rejected by Execution Error - Execution error: Risk validation failed
2026-01-20T09:28:56.732254,BTC/USDT,-0.008630385132297868,-0.6449616241767848,0.0,-0.0020131886686357296,-0.010643400054998055,-1.0,8.630385132297868e-05,True,False,True,BUY,HOLD,False,ranging,medium,rejected_by_execution,Execution error: Risk validation failed,HOLD: Signal BUY rejected by Execution Error - Execution error: Risk validation failed
2026-01-20T09:29:00.845762,BTC/USDT,-0.00806428635951065,-0.3951137321328929,0.0,-0.0016017721212883392,-0.009665929309308303,-1.0,8.064286359510651e-05,True,False,True,BUY,HOLD,False,ranging,medium,rejected_by_execution,Execution error: Risk validation failed,HOLD: Signal BUY rejected by Execution Error - Execution error: Risk validation failed
2026-01-20T09:29:04.871833,BTC/USDT,-0.006765613452365279,-0.00037411153792689335,0.0,0.004147831791023208,-0.0026180622876077063,-1.0,6.765613452365279e-05,True,True,True,BUY,HOLD,False,ranging,medium,rejected_by_execution,Execution error: Risk validation failed,HOLD: Signal BUY rejected by Execution Error - Execution error: Risk validation failed
2026-01-20T09:29:09.052329,BTC/USDT,-0.0031153721444625855,0.446262166037688,0.0,0.02225785733150167,0.019141791771951824,-1.0,3.115372144462585e-05,False,True,True,SELL,HOLD,False,ranging,medium,rejected_by_execution,Execution error: Risk validation failed,HOLD: Signal SELL rejected by Execution Error - Execution error: Risk validation failed
2026-01-20T09:29:13.662734,BTC/USDT,-0.00014895217914384897,0.46965489880859734,0.0,0.01967645538879259,0.019527473901139666,-1.0,1.4895217914384897e-06,False,True,True,SELL,HOLD,False,ranging,medium,rejected_by_execution,Execution error: Risk validation failed,HOLD: Signal SELL rejected by Execution Error - Execution error: Risk validation failed
2026-01-20T09:29:18.490079,BTC/USDT,0.002009874626474008,0.46936347408164975,0.0,0.015731761315046573,0.01774195213019955,1.0,2.009874626474008e-05,False,True,True,SELL,HOLD,False,ranging,medium,rejected_by_execution,Execution error: Risk validation failed,HOLD: Signal SELL rejected by Execution Error - Execution error: Risk validation failed
2026-01-20T09:29:23.330031,BTC/USDT,0.003543328237619883,0.46936347408164975,0.0,0.012585013083177336,0.016128787249119505,1.0,3.543328237619883e-05,False,True,True,SELL,HOLD,False,ranging,medium,rejected_by_execution,Execution error: Risk validation failed,HOLD: Signal SELL rejected by Execution Error - Execution error: Risk validation failed
2026-01-20T09:29:27.445242,BTC/USDT,0.004594099292506452,0.46965489880902167,0.0,0.010067757060823626,0.01466231887608598,1.0,4.594099292506452e-05,False,True,True,SELL,HOLD,False,ranging,medium,rejected_by_execution,Execution error: Risk validation failed,HOLD: Signal SELL rejected by Execution Error - Execution error: Risk validation failed
2026-01-20T09:29:32.040562,BTC/USDT,0.005274734820626828,0.4695496924805809,0.0,0.008054043476346353,0.013329203126408897,1.0,5.2747348206268285e-05,False,True,True,SELL,HOLD,False,ranging,medium,rejected_by_execution,Execution error: Risk validation failed,HOLD: Signal SELL rejected by Execution Error - Execution error: Risk validation failed
2026-01-20T09:29:35.959573,BTC/USDT,0.005673813990823023,0.47422885568049195,0.0,0.0064431309945563835,0.012117310556647224,1.0,5.6738139908230236e-05,False,True,True,SELL,HOLD,False,ranging,medium,rejected_by_execution,Execution error: Risk validation failed,HOLD: Signal SELL rejected by Execution Error - Execution error: Risk validation failed
2026-01-20T09:29:40.078653,BTC/USDT,0.005860875055167148,0.47422885568049195,0.0,0.005154438374198616,0.01101561552455867,1.0,5.8608750551671485e-05,False,True,True,SELL,HOLD,False,ranging,medium,rejected_by_execution,Execution error: Risk validation failed,HOLD: Signal SELL rejected by Execution Error - Execution error: Risk validation failed
2026-01-20T09:29:44.246265,BTC/USDT,0.005890344568835073,0.9994601888586027,0.0,0.004123508190617988,0.010014095648293813,1.0,5.8903445688350736e-05,False,True,True,SELL,HOLD,False,ranging,medium,rejected_by_execution,Execution error: Risk validation failed,HOLD: Signal SELL rejected by Execution Error - Execution error: Risk validation failed
2026-01-20T09:29:47.804925,BTC/USDT,0.008332893411732793,0.9996560618608936,0.0,0.021838286328346355,0.03017299950120184,1.0,8.332893411732793e-05,False,True,True,SELL,HOLD,False,ranging,medium,rejected_by_execution,Execution error: Risk validation failed,HOLD: Signal SELL rejected by Execution Error - Execution error: Risk validation failed
2026-01-20T09:29:51.808610,BTC/USDT,0.009955246399953793,0.9988239905371222,0.0,0.017452302759505336,0.027409286579201303,1.0,9.955246399953793e-05,False,True,True,SELL,HOLD,False,ranging,medium,rejected_by_execution,Execution error: Risk validation failed,HOLD: Signal SELL rejected by Execution Error - Execution error: Risk validation failed
2026-01-20T09:29:55.570806,BTC/USDT,0.010954028163067606,0.9988239905371222,0.0,0.013961354892019249,0.02491691238583367,1.0,0.00010954028163067605,False,True,True,SELL,HOLD,False,ranging,medium,rejected_by_execution,Execution error: Risk validation failed,HOLD: Signal SELL rejected by Execution Error - Execution error: Risk validation failed
2026-01-20T09:29:59.092379,BTC/USDT,0.011481171085888475,0.9988237599922363,0.0,0.01116877205122838,0.022651225442944248,1.0,0.00011481171085888476,False,True,True,SELL,HOLD,False,ranging,medium,rejected_by_execution,Execution error: Risk validation failed,HOLD: Signal SELL rejected by Execution Error - Execution error: Risk validation failed
2026-01-20T09:30:02.840709,BTC/USDT,0.011655739629049018,0.9986616104662994,0.0,0.008934818059090261,0.020591599107268575,1.0,0.00011655739629049017,False,True,True,SELL,HOLD,False,ranging,medium,rejected_by_execution,Execution error: Risk validation failed,HOLD: Signal SELL rejected by Execution Error - Execution error: Risk validation failed
2026-01-20T09:30:06.404217,BTC/USDT,0.011570731369621388,0.9974215727204964,0.0,0.007147726719993456,0.018719285133872648,1.0,0.00011570731369621388,False,True,True,SELL,HOLD,False,ranging,medium,rejected_by_execution,Execution error: Risk validation failed,HOLD: Signal SELL rejected by Execution Error - Execution error: Risk validation failed
2026-01-20T09:30:09.741309,BTC/USDT,0.01129969408661991,0.9971631204352852,0.0,0.005726880500311379,0.01702722170690853,1.0,0.0001129969408661991,False,True,True,SELL,HOLD,False,ranging,medium,rejected_by_execution,Execution error: Risk validation failed,HOLD: Signal SELL rejected by Execution Error - Execution error: Risk validation failed
2026-01-20T09:30:20.529976,BTC/USDT,0.009277106534001203,0.6246153845275473,0.0,-0.0013336204122180503,0.007943362400396753,1.0,9.277106534001203e-05,False,True,True,SELL,HOLD,False,ranging,medium,rejected_by_execution,Execution error: Risk validation failed,HOLD: Signal SELL rejected by Execution Error - Execution error: Risk validation failed
2026-01-20T09:30:23.901635,BTC/USDT,0.006343553270487669,-3.3143976452265636e-11,0.0,-0.015327569628625205,-0.008984988670681995,1.0,6.343553270487669e-05,True,True,True,BUY,HOLD,False,ranging,medium,rejected_by_execution,Execution error: Risk validation failed,HOLD: Signal BUY rejected by Execution Error - Execution error: Risk validation failed
2026-01-20T09:30:27.429663,BTC/USDT,0.0060381711014894715,0.27757824522338,0.0,0.0019897856378569396,0.008028076886007778,1.0,6.038171101489472e-05,False,True,True,SELL,HOLD,False,ranging,medium,rejected_by_execution,Execution error: Risk validation failed,HOLD: Signal SELL rejected by Execution Error - Execution error: Risk validation failed
2026-01-20T09:30:31.138407,BTC/USDT,0.005706285441053611,0.27757824522338,0.0,0.0015918221754997728,0.007298198450470432,1.0,5.7062854410536113e-05,False,True,True,SELL,HOLD,False,ranging,medium,rejected_by_execution,Execution error: Risk validation failed,HOLD: Signal SELL rejected by Execution Error - Execution error: Risk validation failed
2026-01-20T09:30:34.580337,BTC/USDT,0.005361159886724741,0.27757824522338,0.0,0.0012734536861602115,0.006634681844773151,1.0,5.361159886724741e-05,False,True,True,SELL,HOLD,False,ranging,medium,rejected_by_execution,Execution error: Risk validation failed,HOLD: Signal SELL rejected by Execution Error - Execution error: Risk validation failed
2026-01-20T09:30:38.510909,BTC/USDT,0.0059275074294580735,0.06133333330021742,0.0,0.007727351920756607,0.013655317389573882,1.0,5.927507429458073e-05,True,True,True,BUY,HOLD,False,ranging,medium,rejected_by_execution,Execution error: Risk validation failed,HOLD: Signal BUY rejected by Execution Error - Execution error: Risk validation failed
2026-01-20T09:30:42.469380,BTC/USDT,0.00623040218335599,0.06156923757544689,0.0,0.006173005368760847,0.012403792155178112,1.0,6.23040218335599e-05,True,True,True,BUY,HOLD,False,ranging,medium,rejected_by_execution,Execution error: Risk validation failed,HOLD: Signal BUY rejected by Execution Error - Execution error: Risk validation failed
2026-01-20T09:30:46.544861,BTC/USDT,0.006340983372500762,0.06219458015365149,0.0,0.004964684971603279,0.011305983153952587,1.0,6.340983372500761e-05,True,True,True,BUY,HOLD,False,ranging,medium,rejected_by_execution,Execution error: Risk validation failed,HOLD: Signal BUY rejected by Execution Error - Execution error: Risk validation failed
2026-01-20T09:30:50.288873,BTC/USDT,0.006304904500277079,0.06195869417072686,0.0,0.003962928057996762,0.010268082417103313,1.0,6.30490450027708e-05,True,True,True,BUY,HOLD,False,ranging,medium,rejected_by_execution,Execution error: Risk validation failed,HOLD: Signal BUY rejected by Execution Error - Execution error: Risk validation failed
2026-01-20T09:30:53.619101,BTC/USDT,0.006165217860169169,0.0621669626668799,0.0,0.0031790977494410696,0.00934451160791248,1.0,6.165217860169169e-05,True,True,True,BUY,HOLD,False,ranging,medium,rejected_by_execution,Execution error: Risk validation failed,HOLD: Signal BUY rejected by Execution Error - Execution error: Risk validation failed
2026-01-20T09:30:57.420129,BTC/USDT,0.005951524996188898,0.0621669626668799,0.0,0.0025432620289892816,0.008494938388053555,1.0,5.951524996188898e-05,True,True,True,BUY,HOLD,False,ranging,medium,rejected_by_execution,Execution error: Risk validation failed,HOLD: Signal BUY rejected by Execution Error - Execution error: Risk validation failed
2026-01-20T09:31:00.846144,BTC/USDT,0.00568789662261645,0.061958694171030115,0.0,0.002034599274153269,0.007722611622673119,1.0,5.68789662261645e-05,True,True,True,BUY,HOLD,False,ranging,medium,rejected_by_execution,Execution error: Risk validation failed,HOLD: Signal BUY rejected by Execution Error - Execution error: Risk validation failed
2026-01-20T09:31:04.786381,BTC/USDT,0.005392746160497617,0.061958694171030115,0.0,0.0016276727959956422,0.007020506732755472,1.0,5.3927461604976174e-05,True,True,True,BUY,HOLD,False,ranging,medium,rejected_by_execution,Execution error: Risk validation failed,HOLD: Signal BUY rejected by Execution Error - Execution error: Risk validation failed
2026-01-20T09:31:12.990404,BTC/USDT,0.006061724886320858,0.36285266453954534,0.0,0.010585651524205052,0.016648018083598733,1.0,6.061724886320858e-05,False,True,True,SELL,HOLD,False,ranging,medium,rejected_by_execution,Execution error: Risk validation failed,HOLD: Signal SELL rejected by Execution Error - Execution error: Risk validation failed
2026-01-20T09:31:16.829634,BTC/USDT,0.006862976460411682,0.9989026062330146,0.0,0.00991699233120426,0.01678064939246521,1.0,6.862976460411682e-05,False,True,True,SELL,HOLD,False,ranging,medium,rejected_by_execution,Execution error: Risk validation failed,HOLD: Signal SELL rejected by Execution Error - Execution error: Risk validation failed
2026-01-20T09:31:20.428092,BTC/USDT,0.008628266287453347,0.9987154783941447,0.0,0.017520461116254226,0.026150239115747473,1.0,8.628266287453346e-05,False,True,True,SELL,HOLD,False,ranging,medium,rejected_by_execution,Execution error: Risk validation failed,HOLD: Signal SELL rejected by Execution Error - Execution error: Risk validation failed
2026-01-20T09:31:24.360139,BTC/USDT,0.013188554622388623,0.9993313272683517,0.0,0.039192136432463796,0.0523858599311735,1.0,0.00013188554622388623,False,True,True,SELL,HOLD,False,ranging,medium,rejected_by_execution,Execution error: Risk validation failed,HOLD: Signal SELL rejected by Execution Error - Execution error: Risk validation failed
2026-01-20T09:31:28.230801,BTC/USDT,0.01626489019016944,0.9993313272683517,0.0,0.03135125170090625,0.047621241137738086,1.0,0.0001626489019016944,False,True,True,SELL,HOLD,False,ranging,medium,rejected_by_execution,Execution error: Risk validation failed,HOLD: Signal SELL rejected by Execution Error - Execution error: Risk validation failed
2026-01-20T09:31:32.419891,BTC/USDT,0.01820736541250915,0.9992335695955725,0.0,0.02508820566926524,0.043300138983056034,1.0,0.0001820736541250915,False,True,True,SELL,HOLD,False,ranging,medium,rejected_by_execution,Execution error: Risk validation failed,HOLD: Signal SELL rejected by Execution Error - Execution error: Risk validation failed
2026-01-20T09:31:36.128027,BTC/USDT,0.020754965264528354,0.9996895855530314,0.0,0.030820506870495024,0.0515818689205187,1.0,0.00020754965264528353,False,True,True,SELL,HOLD,False,ranging,medium,rejected_by_execution,Execution error: Risk validation failed,HOLD: Signal SELL rejected by Execution Error - Execution error: Risk validation failed
2026-01-20T09:31:40.395657,BTC/USDT,0.026027358603402405,0.9997919483738861,0.0,0.052498064641964395,0.078539087104911,1.0,0.00026027358603402404,False,True,True,SELL,HOLD,False,ranging,medium,rejected_by_execution,Execution error: Risk validation failed,HOLD: Signal SELL rejected by Execution Error - Execution error: Risk validation failed
2026-01-20T09:31:44.750426,BTC/USDT,0.027645411192889765,0.736899168752708,0.0,0.029219081941852104,0.05687257087009149,1.0,0.00027645411192889766,False,True,True,SELL,HOLD,False,ranging,medium,rejected_by_execution,Execution error: Risk validation failed,HOLD: Signal SELL rejected by Execution Error - Execution error: Risk validation failed
2026-01-20T09:31:48.434845,BTC/USDT,0.028317948678685628,0.7367184676324234,0.0,0.023365125718391788,0.05168969092138706,1.0,0.00028317948678685626,False,True,True,SELL,HOLD,False,ranging,medium,rejected_by_execution,Execution error: Risk validation failed,HOLD: Signal SELL rejected by Execution Error - Execution error: Risk validation failed
2026-01-20T09:31:51.827500,BTC/USDT,0.02754766962545273,0.6443113772257039,0.0,0.013233973448831815,0.04078528872556855,1.0,0.0002754766962545273,False,True,True,SELL,HOLD,False,ranging,medium,rejected_by_execution,Execution error: Risk validation failed,HOLD: Signal SELL rejected by Execution Error - Execution error: Risk validation failed
2026-01-20T09:31:56.109217,BTC/USDT,0.02579368424213826,0.5667128535153975,0.0,0.005506881823562036,0.031301986493409456,1.0,0.0002579368424213826,False,True,True,SELL,HOLD,False,ranging,medium,rejected_by_execution,Execution error: Risk validation failed,HOLD: Signal SELL rejected by Execution Error - Execution error: Risk validation failed
2026-01-20T09:31:59.672461,BTC/USDT,0.024050221699624928,0.5667481662412536,0.0,0.004414230753654483,0.028465514085562,1.0,0.00024050221699624928,False,True,True,SELL,HOLD,False,ranging,medium,rejected_by_execution,Execution error: Risk validation failed,HOLD: Signal SELL rejected by Execution Error - Execution error: Risk validation failed
2026-01-20T09:32:03.096543,BTC/USDT,0.022344927932789912,0.5667481662412536,0.0,0.0035313534265026003,0.025877070437670714,1.0,0.00022344927932789913,False,True,True,SELL,HOLD,False,ranging,medium,rejected_by_execution,Execution error: Risk validation failed,HOLD: Signal SELL rejected by Execution Error - Execution error: Risk validation failed
2026-01-20T09:32:06.480550,BTC/USDT,0.02069840856291308,0.5246356075995962,0.0,0.0028250627886085705,0.023524056094559792,1.0,0.00020698408562913078,False,True,True,SELL,HOLD,False,ranging,medium,rejected_by_execution,Execution error: Risk validation failed,HOLD: Signal SELL rejected by Execution Error - Execution error: Risk validation failed
2026-01-20T09:32:11.444579,BTC/USDT,0.019123382071518587,0.5173790724919118,0.0,0.0022512637876517753,0.021375076376945912,1.0,0.00019123382071518588,False,True,True,SELL,HOLD,False,ranging,medium,rejected_by_execution,Execution error: Risk validation failed,HOLD: Signal SELL rejected by Execution Error - Execution error: Risk validation failed
2026-01-20T09:32:15.143584,BTC/USDT,0.016811814559344898,0.36989916122973626,0.0,-0.004200259821222517,0.012610848598230227,1.0,0.00016811814559344898,False,True,True,SELL,HOLD,False,ranging,medium,rejected_by_execution,Execution error: Risk validation failed,HOLD: Signal SELL rejected by Execution Error - Execution error: Risk validation failed
2026-01-20T09:32:19.097427,BTC/USDT,0.014212415385486383,0.0660205935615319,0.0,-0.007852555517437961,0.00635874383023991,1.0,0.00014212415385486384,True,True,True,BUY,HOLD,False,ranging,medium,rejected_by_execution,Execution error: Risk validation failed,HOLD: Signal BUY rejected by Execution Error - Execution error: Risk validation failed
2026-01-20T09:32:22.960510,BTC/USDT,0.011460506855292993,0.0046808996300599405,0.0,-0.01070442066126751,0.0007548594131617793,1.0,0.00011460506855292993,True,True,True,BUY,HOLD,False,ranging,medium,rejected_by_execution,Execution error: Risk validation failed,HOLD: Signal BUY rejected by Execution Error - Execution error: Risk validation failed
2026-01-20T09:32:27.200233,BTC/USDT,0.009249550906726252,0.004452563061914958,0.0,-0.008572494466734457,0.0006762635227521175,1.0,9.249550906726252e-05,True,True,True,BUY,HOLD,False,ranging,medium,rejected_by_execution,Execution error: Risk validation failed,HOLD: Signal BUY rejected by Execution Error - Execution error: Risk validation failed
2026-01-20T09:32:30.469438,BTC/USDT,0.007472213787379339,-0.15753151959089423,0.0,-0.006866887867263812,0.0006048128115735457,1.0,7.472213787379339e-05,True,True,True,BUY,HOLD,False,ranging,medium,rejected_by_execution,Execution error: Risk validation failed,HOLD: Signal BUY rejected by Execution Error - Execution error: Risk validation failed
2026-01-20T09:32:33.875599,BTC/USDT,0.006043747286325771,-0.9995414947274444,0.0,-0.005493585741488793,0.0005498295263978046,1.0,6.043747286325771e-05,True,False,True,BUY,HOLD,False,ranging,medium,rejected_by_execution,Execution error: Risk validation failed,HOLD: Signal BUY rejected by Execution Error - Execution error: Risk validation failed
2026-01-20T09:32:37.385113,BTC/USDT,0.004894976785224229,-0.9993117687546947,0.0,-0.0043949168809028424,0.0004998447741603365,1.0,4.894976785224229e-05,True,False,True,BUY,HOLD,False,ranging,medium,rejected_by_execution,Execution error: Risk validation failed,HOLD: Signal BUY rejected by Execution Error - Execution error: Risk validation failed
2026-01-20T09:32:41.953964,BTC/USDT,0.003971704723844736,-0.9986235375093898,0.0,-0.003507189477328048,0.00046437595130654276,1.0,3.9717047238447365e-05,True,False,True,BUY,HOLD,False,ranging,medium,rejected_by_execution,Execution error: Risk validation failed,HOLD: Signal BUY rejected by Execution Error - Execution error: Risk validation failed
2026-01-20T09:32:45.532937,BTC/USDT,0.006124886305659896,0.02996811899175114,0.0,0.018437322539623126,0.024563338110326384,1.0,6.124886305659896e-05,True,True,True,BUY,HOLD,False,ranging,medium,rejected_by_execution,Execution error: Risk validation failed,HOLD: Signal BUY rejected by Execution Error - Execution error: Risk validation failed
